product,url
AY939_WQ9801,/data/v1/CA/products/full/AY939/c/womens_category/pants/relaxed
AP168_BK0001,/data/v1/CA/products/full/AP168/c/shops/summer_deals/dresses
AY820_BL8133,/data/v1/CA/products/full/AY820/c/womens_category/sweaters/pullover
AV717_WT0002,/data/v1/CA/products/full/AV717/c/shops/reimagined/denim
AY087_PK5678,/data/v1/CA/products/full/AY087/c/shops/bundles/w_knits
AX752_BK0001,/data/v1/CA/products/full/AX752/c/shops/reimagined/sweaters1
AY874_PT0009,/data/v1/CA/products/full/AY874/c/shops/reimagined/dresses_jumpsuits
AY871_GR7637,/data/v1/CA/products/full/AY871/c/shops/reimagined/dresses_jumpsuits
AY501_NA6436,/data/v1/CA/products/full/AY501/c/shops/linen_shop/womens
BB269_WT0002,/data/v1/CA/products/full/BB269/c/womens_category/shirts_tops
AY657_WQ9876,/data/v1/CA/products/full/AY657/c/shops/reimagined/shirts_tops
AY744_YD0019,/data/v1/CA/products/full/AY744/c/shops/reimagined/shirts_tops
AZ811_YD0036,/data/v1/CA/products/full/AZ811/c/shops/reimagined/dresses_jumpsuits
AY641_WQ9876,/data/v1/CA/products/full/AY641/c/shops/reimagined/dresses_jumpsuits
AY632_YD0015,/data/v1/CA/products/full/AY632/c/womens_category/dressesandjumpsuits
AY720_YD0030,/data/v1/CA/products/full/AY720/c/shops/reimagined/shirts_tops
AY718_YD0020,/data/v1/CA/products/full/AY718/c/shops/reimagined/shirts_tops
AY736_YD0030,/data/v1/CA/products/full/AY736/c/shops/reimagined/shirts_tops
AY679_PT0032,/data/v1/CA/products/full/AY679/c/shops/reimagined/shirts_tops
AY839_BL6855,/data/v1/CA/products/full/AY839/c/shops/reimagined/dresses_jumpsuits
AY734_WT0002,/data/v1/CA/products/full/AY734/c/shops/reimagined/shirts_tops
AY863_YD0053,/data/v1/CA/products/full/AY863/c/womens_category/dressesandjumpsuits
AY730_YD0019,/data/v1/CA/products/full/AY730/c/shops/reimagined/shirts_tops
AY628_SU7836,/data/v1/CA/products/full/AY628/c/shops/reimagined/dresses_jumpsuits
AY678_PT0013,/data/v1/CA/products/full/AY678/c/shops/reimagined/shirts_tops
AY658_WQ9876,/data/v1/CA/products/full/AY658/c/shops/reimagined/shirts_tops
AY659_WQ9877,/data/v1/CA/products/full/AY659/c/shops/reimagined/shirts_tops
BB257_PK0044,/data/v1/CA/products/full/BB257/c/womens_category/shirts_tops
AY634_WQ9885,/data/v1/CA/products/full/AY634/c/shops/linen_shop/womens
AY668_WQ9890,/data/v1/CA/products/full/AY668/c/shops/linen_shop/womens
AY583_PT0040,/data/v1/CA/products/full/AY583/c/shops/reimagined/dresses_jumpsuits
AY916_YL5673,/data/v1/CA/products/full/AY916/c/shops/the_summer_weddings_shop/womens
AY834_BL8133,/data/v1/CA/products/full/AY834/c/shops/summer_deals/dresses
AZ119_YD0033,/data/v1/CA/products/full/AZ119/c/shops/linen_shop/womens
AY623_WT0002,/data/v1/CA/products/full/AY623/c/shops/linen_shop/womens
AY687_WY7588,/data/v1/CA/products/full/AY687/c/shops/reimagined/shirts_tops
AY732_YD0007,/data/v1/CA/products/full/AY732/c/shops/reimagined/shirts_tops
AY684_YD0055,/data/v1/CA/products/full/AY684/c/shops/reimagined/shirts_tops
AZ121_DM5474,/data/v1/CA/products/full/AZ121/c/womens_category/shirts_tops
AY741_YD0016,/data/v1/CA/products/full/AY741/c/shops/reimagined/shirts_tops
AX974_WT0002,/data/v1/CA/products/full/AX974/c/shops/reimagined/dresses_jumpsuits
AY880_PT0028,/data/v1/CA/products/full/AY880/c/shops/reimagined/dresses_jumpsuits
AY861_BK0001,/data/v1/CA/products/full/AY861/c/shops/reimagined/dresses_jumpsuits
AY642_WY7588,/data/v1/CA/products/full/AY642/c/shops/reimagined/dresses_jumpsuits
AY676_YD0052,/data/v1/CA/products/full/AY676/c/shops/reimagined/shirts_tops
AY724_PT0028,/data/v1/CA/products/full/AY724/c/shops/reimagined/shirts_tops
AY918_OR6286,/data/v1/CA/products/full/AY918/c/shops/the_summer_weddings_shop/womens
AY728_NA6354,/data/v1/CA/products/full/AY728/c/shops/reimagined/shirts_tops
AY742_WT0002,/data/v1/CA/products/full/AY742/c/shops/reimagined/shirts_tops
AY640_WQ9877,/data/v1/CA/products/full/AY640/c/shops/reimagined/dresses_jumpsuits
AY716_YD0006,/data/v1/CA/products/full/AY716/c/shops/reimagined/shirts_tops
AX975_BK0001,/data/v1/CA/products/full/AX975/c/shops/reimagined/dresses_jumpsuits
AY868_YD0038,/data/v1/CA/products/full/AY868/c/womens_category/dressesandjumpsuits
AY922_PK6100,/data/v1/CA/products/full/AY922/c/shops/the_summer_weddings_shop/womens
AY656_WQ9875,/data/v1/CA/products/full/AY656/c/shops/reimagined/shirts_tops
AY884_WQ9890,/data/v1/CA/products/full/AY884/c/womens_category/dressesandjumpsuits
AY836_GR7637,/data/v1/CA/products/full/AY836/c/shops/summer_deals/dresses
AY920_OR6286,/data/v1/CA/products/full/AY920/c/shops/the_summer_weddings_shop/womens
AY675_BL6855,/data/v1/CA/products/full/AY675/c/shops/reimagined/shirts_tops
AY405_YD0006,/data/v1/CA/products/full/AY405/c/shops/reimagined/dresses_jumpsuits
AY939_WQ9801,/data/v1/CA/products/full/AY939/c/womens_category/pants/relaxed
AP168_BK0001,/data/v1/CA/products/full/AP168/c/shops/summer_deals/dresses
AY820_BL8133,/data/v1/CA/products/full/AY820/c/womens_category/sweaters/pullover
AV717_WT0002,/data/v1/CA/products/full/AV717/c/shops/reimagined/denim
AY087_PK5678,/data/v1/CA/products/full/AY087/c/shops/bundles/w_knits
AX752_BK0001,/data/v1/CA/products/full/AX752/c/shops/reimagined/sweaters1
AY874_PT0009,/data/v1/CA/products/full/AY874/c/shops/reimagined/dresses_jumpsuits
AY871_GR7637,/data/v1/CA/products/full/AY871/c/shops/reimagined/dresses_jumpsuits
AY501_NA6436,/data/v1/CA/products/full/AY501/c/shops/linen_shop/womens
BB269_WT0002,/data/v1/CA/products/full/BB269/c/womens_category/shirts_tops
AY657_WQ9876,/data/v1/CA/products/full/AY657/c/shops/reimagined/shirts_tops
AY744_YD0019,/data/v1/CA/products/full/AY744/c/shops/reimagined/shirts_tops
AZ811_YD0036,/data/v1/CA/products/full/AZ811/c/shops/reimagined/dresses_jumpsuits
AY641_WQ9876,/data/v1/CA/products/full/AY641/c/shops/reimagined/dresses_jumpsuits
AY632_YD0015,/data/v1/CA/products/full/AY632/c/womens_category/dressesandjumpsuits
AY720_YD0030,/data/v1/CA/products/full/AY720/c/shops/reimagined/shirts_tops
AY718_YD0020,/data/v1/CA/products/full/AY718/c/shops/reimagined/shirts_tops
AY736_YD0030,/data/v1/CA/products/full/AY736/c/shops/reimagined/shirts_tops
AY679_PT0032,/data/v1/CA/products/full/AY679/c/shops/reimagined/shirts_tops
AY839_BL6855,/data/v1/CA/products/full/AY839/c/shops/reimagined/dresses_jumpsuits
AY734_WT0002,/data/v1/CA/products/full/AY734/c/shops/reimagined/shirts_tops
AY863_YD0053,/data/v1/CA/products/full/AY863/c/womens_category/dressesandjumpsuits
AY730_YD0019,/data/v1/CA/products/full/AY730/c/shops/reimagined/shirts_tops
AY628_SU7836,/data/v1/CA/products/full/AY628/c/shops/reimagined/dresses_jumpsuits
AY678_PT0013,/data/v1/CA/products/full/AY678/c/shops/reimagined/shirts_tops
AY658_WQ9876,/data/v1/CA/products/full/AY658/c/shops/reimagined/shirts_tops
AY659_WQ9877,/data/v1/CA/products/full/AY659/c/shops/reimagined/shirts_tops
BB257_PK0044,/data/v1/CA/products/full/BB257/c/womens_category/shirts_tops
AY634_WQ9885,/data/v1/CA/products/full/AY634/c/shops/linen_shop/womens
AY668_WQ9890,/data/v1/CA/products/full/AY668/c/shops/linen_shop/womens
AY583_PT0040,/data/v1/CA/products/full/AY583/c/shops/reimagined/dresses_jumpsuits
AY916_YL5673,/data/v1/CA/products/full/AY916/c/shops/the_summer_weddings_shop/womens
AY834_BL8133,/data/v1/CA/products/full/AY834/c/shops/summer_deals/dresses
AZ119_YD0033,/data/v1/CA/products/full/AZ119/c/shops/linen_shop/womens
AY623_WT0002,/data/v1/CA/products/full/AY623/c/shops/linen_shop/womens
AY687_WY7588,/data/v1/CA/products/full/AY687/c/shops/reimagined/shirts_tops
AY732_YD0007,/data/v1/CA/products/full/AY732/c/shops/reimagined/shirts_tops
AY684_YD0055,/data/v1/CA/products/full/AY684/c/shops/reimagined/shirts_tops
AZ121_DM5474,/data/v1/CA/products/full/AZ121/c/womens_category/shirts_tops
AY741_YD0016,/data/v1/CA/products/full/AY741/c/shops/reimagined/shirts_tops
AX974_WT0002,/data/v1/CA/products/full/AX974/c/shops/reimagined/dresses_jumpsuits
AY880_PT0028,/data/v1/CA/products/full/AY880/c/shops/reimagined/dresses_jumpsuits
AY861_BK0001,/data/v1/CA/products/full/AY861/c/shops/reimagined/dresses_jumpsuits
AY642_WY7588,/data/v1/CA/products/full/AY642/c/shops/reimagined/dresses_jumpsuits
AY676_YD0052,/data/v1/CA/products/full/AY676/c/shops/reimagined/shirts_tops
AY724_PT0028,/data/v1/CA/products/full/AY724/c/shops/reimagined/shirts_tops
AY918_OR6286,/data/v1/CA/products/full/AY918/c/shops/the_summer_weddings_shop/womens
AY728_NA6354,/data/v1/CA/products/full/AY728/c/shops/reimagined/shirts_tops
AY742_WT0002,/data/v1/CA/products/full/AY742/c/shops/reimagined/shirts_tops
AY640_WQ9877,/data/v1/CA/products/full/AY640/c/shops/reimagined/dresses_jumpsuits
AY716_YD0006,/data/v1/CA/products/full/AY716/c/shops/reimagined/shirts_tops
AX975_BK0001,/data/v1/CA/products/full/AX975/c/shops/reimagined/dresses_jumpsuits
AY868_YD0038,/data/v1/CA/products/full/AY868/c/womens_category/dressesandjumpsuits
AY922_PK6100,/data/v1/CA/products/full/AY922/c/shops/the_summer_weddings_shop/womens
AY656_WQ9875,/data/v1/CA/products/full/AY656/c/shops/reimagined/shirts_tops
AY884_WQ9890,/data/v1/CA/products/full/AY884/c/womens_category/dressesandjumpsuits
AY836_GR7637,/data/v1/CA/products/full/AY836/c/shops/summer_deals/dresses
AY920_OR6286,/data/v1/CA/products/full/AY920/c/shops/the_summer_weddings_shop/womens
AY675_BL6855,/data/v1/CA/products/full/AY675/c/shops/reimagined/shirts_tops
AY405_YD0006,/data/v1/CA/products/full/AY405/c/shops/reimagined/dresses_jumpsuits
AY399_PT0031,/data/v1/CA/products/full/AY399/c/womens_category/dressesandjumpsuits
AY835_BL7377,/data/v1/CA/products/full/AY835/c/shops/summer_deals/dresses
AY674_WT0002,/data/v1/CA/products/full/AY674/c/shops/reimagined/shirts_tops
AY406_YL5690,/data/v1/CA/products/full/AY406/c/shops/reimagined/dresses_jumpsuits
AY866_PT0030,/data/v1/CA/products/full/AY866/c/shops/reimagined/dresses_jumpsuits
AY691_DM5306,/data/v1/CA/products/full/AY691/c/shops/summer_deals/shirtstops
AY743_BR6053,/data/v1/CA/products/full/AY743/c/shops/reimagined/shirts_tops
AY713_PT0016,/data/v1/CA/products/full/AY713/c/shops/reimagined/shirts_tops
AY869_WQ1667,/data/v1/CA/products/full/AY869/c/shops/reimagined/dresses_jumpsuits
AY708_PR5340,/data/v1/CA/products/full/AY708/c/womens_category/dressesandjumpsuits
AY917_PT0010,/data/v1/CA/products/full/AY917/c/shops/the_summer_weddings_shop/womens
AY867_PT0020,/data/v1/CA/products/full/AY867/c/womens_category/dressesandjumpsuits
AY883_WT0002,/data/v1/CA/products/full/AY883/c/shops/reimagined/dresses_jumpsuits
AY686_PR5340,/data/v1/CA/products/full/AY686/c/shops/reimagined/shirts_tops
AY745_WT0002,/data/v1/CA/products/full/AY745/c/shops/reimagined/shirts_tops
AY692_WT0002,/data/v1/CA/products/full/AY692/c/shops/summer_deals/shirtstops
AY740_WQ1667,/data/v1/CA/products/full/AY740/c/shops/reimagined/shirts_tops
AZ767_WY4976,/data/v1/CA/products/full/AZ767/c/shops/reimagined/shirts_tops
AY862_PT0035,/data/v1/CA/products/full/AY862/c/shops/the_summer_weddings_shop/womens
AY665_BL8227,/data/v1/CA/products/full/AY665/c/shops/linen_shop/womens
AY629_BL8922,/data/v1/CA/products/full/AY629/c/womens_category/dressesandjumpsuits
AY735_YD0032,/data/v1/CA/products/full/AY735/c/shops/reimagined/shirts_tops
AY838_BK0001,/data/v1/CA/products/full/AY838/c/shops/reimagined/dresses_jumpsuits
AY923_PT0022,/data/v1/CA/products/full/AY923/c/shops/the_summer_weddings_shop/womens
AY662_WQ9875,/data/v1/CA/products/full/AY662/c/shops/reimagined/shirts_tops
AY914_BK0001,/data/v1/CA/products/full/AY914/c/shops/reimagined/dresses_jumpsuits
AY671_WT0002,/data/v1/CA/products/full/AY671/c/womens_category/shirts_tops
AY404_BL8133,/data/v1/CA/products/full/AY404/c/shops/reimagined/dresses_jumpsuits
AZ876_PT0007,/data/v1/CA/products/full/AZ876/c/shops/reimagined/dresses_jumpsuits
AY403_PT0001,/data/v1/CA/products/full/AY403/c/shops/reimagined/dresses_jumpsuits
AY673_WQ9580,/data/v1/CA/products/full/AY673/c/shops/summer_deals/shirtstops
AY722_PT0027,/data/v1/CA/products/full/AY722/c/shops/reimagined/shirts_tops
AZ117_PT0013,/data/v1/CA/products/full/AZ117/c/shops/reimagined/shirts_tops
AY747_YD0043,/data/v1/CA/products/full/AY747/c/shops/reimagined/shirts_tops
AY626_NA6549,/data/v1/CA/products/full/AY626/c/shops/reimagined/dresses_jumpsuits
AZ771_PT0028,/data/v1/CA/products/full/AZ771/c/shops/reimagined/shirts_tops
AY682_NA6434,/data/v1/CA/products/full/AY682/c/shops/reimagined/shirts_tops
AY685_WY7944,/data/v1/CA/products/full/AY685/c/shops/reimagined/shirts_tops
AY683_PT0035,/data/v1/CA/products/full/AY683/c/shops/reimagined/shirts_tops
AY672_YD0022,/data/v1/CA/products/full/AY672/c/shops/linen_shop/womens
AY694_DM5474,/data/v1/CA/products/full/AY694/c/womens_category/shirts_tops
AY915_YD0039,/data/v1/CA/products/full/AY915/c/shops/reimagined/dresses_jumpsuits
AY627_BL6855,/data/v1/CA/products/full/AY627/c/shops/reimagined/dresses_jumpsuits
AY837_PP2208,/data/v1/CA/products/full/AY837/c/shops/summer_deals/dresses
AY681_WT0002,/data/v1/CA/products/full/AY681/c/shops/reimagined/shirts_tops
AW215_DM5247,/data/v1/CA/products/full/AW215/c/shops/reimagined/shirts_tops
AX321_BK0001,/data/v1/CA/products/full/AX321/c/womens_category/dressesandjumpsuits
AW540_WY4960,/data/v1/CA/products/full/AW540/c/womens_category/30_off_select_sale/clothing
AW435_BK0001,/data/v1/CA/products/full/AW435/c/womens_category/30_off_select_sale/clothing
AX751_WQ9541,/data/v1/CA/products/full/AX751/c/womens_category/shirts_tops
AX182_WT0002,/data/v1/CA/products/full/AX182/c/shops/reimagined/shirts_tops
AY331_DM5489,/data/v1/CA/products/full/AY331/c/womens_category/shirts_tops
AW209_DM5226,/data/v1/CA/products/full/AW209/c/shops/reimagined/shirts_tops
AW714_WY4976,/data/v1/CA/products/full/AW714/c/shops/reimagined/shirts_tops
AW700_BL8227,/data/v1/CA/products/full/AW700/c/shops/linen_shop/womens
AW564_GR5905,/data/v1/CA/products/full/AW564/c/womens_category/30_off_select_sale/clothing
AW251_WP3135,/data/v1/CA/products/full/AW251/c/shops/reimagined/shirts_tops
AW255_WQ9473,/data/v1/CA/products/full/AW255/c/shops/summer_deals/shirtstops
AW222_WY5552,/data/v1/CA/products/full/AW222/c/womens_category/30_off_select_sale/clothing
AX181_WP3949,/data/v1/CA/products/full/AX181/c/shops/reimagined/shirts_tops
BB567_BL6491,/data/v1/CA/products/full/BB567/c/womens_category/jewelry/demifine
BB571_EC7246,/data/v1/CA/products/full/BB571/c/womens_category/jewelry/demifine
BB572_EC7246,/data/v1/CA/products/full/BB572/c/womens_category/jewelry/demifine
BB576_EC7246,/data/v1/CA/products/full/BB576/c/womens_category/jewelry/demifine
BB574_EC7246,/data/v1/CA/products/full/BB574/c/womens_category/jewelry/demifine
BB573_EC7246,/data/v1/CA/products/full/BB573/c/womens_category/jewelry/demifine
BB575_EC7246,/data/v1/CA/products/full/BB575/c/womens_category/jewelry/demifine
BB570_EC7246,/data/v1/CA/products/full/BB570/c/womens_category/jewelry/demifine
BB568_EC7253,/data/v1/CA/products/full/BB568/c/womens_category/jewelry/demifine
BB453_BL6733,/data/v1/CA/products/full/BB453/c/womens_category/swimwear
BB107_EE0859,/data/v1/CA/products/full/BB107/c/womens_category/socksandtights/bootsocks
BB385_BL7755,/data/v1/CA/products/full/BB385/c/womens_category/jewelry/acetate
AY422_YD0056,/data/v1/CA/products/full/AY422/c/womens_category/pajamas/nightgowns
AX985_PT0025,/data/v1/CA/products/full/AX985/c/shops/reimagined/swimwear
AY039_WY6506,/data/v1/CA/products/full/AY039/c/womens_category/swimwear
AY397_WT0002,/data/v1/CA/products/full/AY397/c/shops/reimagined/dresses_jumpsuits
AZ241_GY6469,/data/v1/CA/products/full/AZ241/c/shops/reimagined/sweaters
BA056_PT0006,/data/v1/CA/products/full/BA056/c/womens_category/hair/headbands
AY451_YD0063,/data/v1/CA/products/full/AY451/c/shops/reimagined/tshirtstanktops
AZ055_EB7673,/data/v1/CA/products/full/AZ055/c/shops/reimagined/jewelry
AY073_YD0024,/data/v1/CA/products/full/AY073/c/shops/bundles/w_knits
AX945_WY4144,/data/v1/CA/products/full/AX945/c/womens_category/swimwear
AY380_PT0025,/data/v1/CA/products/full/AY380/c/shops/reimagined/shirts_tops
AX984_PT0025,/data/v1/CA/products/full/AX984/c/shops/reimagined/swimwear
AZ065_YL5433,/data/v1/CA/products/full/AZ065/c/womens_category/jewelry/metals
AZ061_EG6978,/data/v1/CA/products/full/AZ061/c/womens_category/jewelry/metals
AY932_GR6305,/data/v1/CA/products/full/AY932/c/shops/reimagined/shirts_tops
AZ650_GR6712,/data/v1/CA/products/full/AZ650/c/shops/reimagined/pants
AY388_WQ9876,/data/v1/CA/products/full/AY388/c/womens_category/swimwear
AY391_WQ9876,/data/v1/CA/products/full/AY391/c/womens_category/swimwear
BA064_PT0003,/data/v1/CA/products/full/BA064/c/shops/reimagined/accessories
AX947_WY4144,/data/v1/CA/products/full/AX947/c/womens_category/swimwear
AY385_PT0033,/data/v1/CA/products/full/AY385/c/womens_category/swimwear
AY450_NA6445,/data/v1/CA/products/full/AY450/c/shops/reimagined/tshirtstanktops
AY036_WY6506,/data/v1/CA/products/full/AY036/c/womens_category/swimwear
AY924_YD0017,/data/v1/CA/products/full/AY924/c/womens_category/skirts/aline
AY931_DM5496,/data/v1/CA/products/full/AY931/c/shops/reimagined/dresses_jumpsuits
AY421_PT0013,/data/v1/CA/products/full/AY421/c/womens_category/pajamas/nightgowns
BA043_BL6491,/data/v1/CA/products/full/BA043/c/womens_category/hair/scrunchies_hairties
AZ217_SU7143,/data/v1/CA/products/full/AZ217/c/shops/reimagined/sweaters
AY544_PK5084,/data/v1/CA/products/full/AY544/c/womens_category/shoes/flats
AY707_GR6712,/data/v1/CA/products/full/AY707/c/shops/reimagined/blazers
AY389_WQ9876,/data/v1/CA/products/full/AY389/c/womens_category/swimwear
AZ064_EC7253,/data/v1/CA/products/full/AZ064/c/womens_category/jewelry/metals
AY386_PT0033,/data/v1/CA/products/full/AY386/c/womens_category/swimwear
AZ063_EC7253,/data/v1/CA/products/full/AZ063/c/womens_category/jewelry/metals
AY383_PT0033,/data/v1/CA/products/full/AY383/c/womens_category/swimwear
AZ242_GY6469,/data/v1/CA/products/full/AZ242/c/shops/reimagined/sweaters
AZ060_GY6372,/data/v1/CA/products/full/AZ060/c/womens_category/jewelry/metals
AY066_NA6445,/data/v1/CA/products/full/AY066/c/shops/bundles/w_knits
AY065_YD0024,/data/v1/CA/products/full/AY065/c/shops/bundles/w_knits
AY407_PT0003,/data/v1/CA/products/full/AY407/c/shops/reimagined/dresses_jumpsuits
AY040_WY6506,/data/v1/CA/products/full/AY040/c/womens_category/swimwear
AY930_NA6434,/data/v1/CA/products/full/AY930/c/womens_category/skirts/midi
AY369_YD0041,/data/v1/CA/products/full/AY369/c/shops/reimagined/pajamas
AY390_WQ9876,/data/v1/CA/products/full/AY390/c/womens_category/swimwear
AY372_YD0013,/data/v1/CA/products/full/AY372/c/shops/reimagined/pajamas
AZ062_EC7253,/data/v1/CA/products/full/AZ062/c/womens_category/jewelry/metals
AY419_PT0013,/data/v1/CA/products/full/AY419/c/womens_category/pajamas/pajamasets
AX992_PT0025,/data/v1/CA/products/full/AX992/c/shops/reimagined/swimwear
AY353_PT0032,/data/v1/CA/products/full/AY353/c/womens_category/pajamas/pajamasets
AY067_NA6445,/data/v1/CA/products/full/AY067/c/shops/bundles/w_knits
AY037_WY6506,/data/v1/CA/products/full/AY037/c/womens_category/swimwear
AX991_PT0025,/data/v1/CA/products/full/AX991/c/shops/reimagined/swimwear
AX988_PT0025,/data/v1/CA/products/full/AX988/c/shops/reimagined/swimwear
AY420_YD0056,/data/v1/CA/products/full/AY420/c/womens_category/pajamas/pajamasets
AY387_WQ9876,/data/v1/CA/products/full/AY387/c/womens_category/swimwear
AY038_WY6506,/data/v1/CA/products/full/AY038/c/womens_category/swimwear
AX989_PT0025,/data/v1/CA/products/full/AX989/c/shops/reimagined/swimwear
AX946_WY4144,/data/v1/CA/products/full/AX946/c/womens_category/swimwear
AS027_YD0443,/data/v1/CA/products/full/AS027/c/womens_category/pajamas/lounge_tops
BD715_EE1729,/data/v1/CA/products/full/BD715/c/womens_category/all_accessories/gifts
BD716_EE1732,/data/v1/CA/products/full/BD716/c/womens_category/all_accessories/gifts
BD721_EE1731,/data/v1/CA/products/full/BD721/c/womens_category/all_accessories/gifts
BD719_EE1735,/data/v1/CA/products/full/BD719/c/womens_category/all_accessories/gifts
BD720_EE1730,/data/v1/CA/products/full/BD720/c/womens_category/all_accessories/gifts
BD718_EE1734,/data/v1/CA/products/full/BD718/c/womens_category/all_accessories/gifts
BD717_EE1733,/data/v1/CA/products/full/BD717/c/womens_category/all_accessories/gifts
BD714_EE1728,/data/v1/CA/products/full/BD714/c/womens_category/all_accessories/gifts
BD713_EE1727,/data/v1/CA/products/full/BD713/c/womens_category/all_accessories/gifts
BD580_EG7294,/data/v1/CA/products/full/BD580/c/shops/associatediscountexclusions
BD579_EG7294,/data/v1/CA/products/full/BD579/c/shops/associatediscountexclusions
M8050_BK0001,/data/v1/CA/products/full/M8050/c/womens_category/socksandtights/tights
AY357_BL6855,/data/v1/CA/products/full/AY357/c/womens_category/pajamas/nightgowns
BC876_EE1510,/data/v1/CA/products/full/BC876/c/shops/associatediscountexclusions
AY355_BL6855,/data/v1/CA/products/full/AY355/c/womens_category/pajamas/pajamasets
BC877_EE1509,/data/v1/CA/products/full/BC877/c/shops/associatediscountexclusions
BC478_EE1050,/data/v1/CA/products/full/BC478/c/womens_category/all_accessories/sunglass_accessories
AY749_DM4749,/data/v1/CA/products/full/AY749/c/shops/reimagined/denim
BC257_NA6434,/data/v1/CA/products/full/BC257/c/womens_category/shoes/sandals
BC258_EE1379,/data/v1/CA/products/full/BC258/c/womens_category/shoes/sandals
BB106_PT0128,/data/v1/CA/products/full/BB106/c/womens_category/all_accessories/scarvesandwraps
BB644_EE1176,/data/v1/CA/products/full/BB644/c/womens_category/shoes/sneakers
BA729_GR6712,/data/v1/CA/products/full/BA729/c/womens_category/jewelry/acetate
BB143_EE0950,/data/v1/CA/products/full/BB143/c/womens_category/brandswelove/shoes
AY769_YL5433,/data/v1/CA/products/full/AY769/c/womens_category/jewelry/metals
AX897_BR6178,/data/v1/CA/products/full/AX897/c/shops/the_summer_weddings_shop/womens
AY323_BK0001,/data/v1/CA/products/full/AY323/c/shops/summer_deals/shoes
AY424_BK0001,/data/v1/CA/products/full/AY424/c/womens_category/shoes/sandals
AX954_GR8371,/data/v1/CA/products/full/AX954/c/womens_category/swimwear
AY468_PP2195,/data/v1/CA/products/full/AY468/c/shops/reimagined/tshirtstanktops
AY453_PP2185,/data/v1/CA/products/full/AY453/c/shops/reimagined/tshirtstanktops
AY928_NA6167,/data/v1/CA/products/full/AY928/c/shops/summer_deals/skirts
AZ224_SU3812,/data/v1/CA/products/full/AZ224/c/shops/reimagined/sweaters
AX966_WY8222,/data/v1/CA/products/full/AX966/c/womens_category/swimwear
AZ246_PT0077,/data/v1/CA/products/full/AZ246/c/shops/bundles/w_knits
AZ248_BK0001,/data/v1/CA/products/full/AZ248/c/womens_category/shorts/3inch
AY096_DM5285,/data/v1/CA/products/full/AY096/c/womens_category/denim_jeans/demiboot
AY831_SU7824,/data/v1/CA/products/full/AY831/c/womens_category/sweaters/pullover
AX334_EE0592,/data/v1/CA/products/full/AX334/c/womens_category/socksandtights/noshows
AY075_PP1303,/data/v1/CA/products/full/AY075/c/womens_category/tshirts_tanktops/shortsleevetshirts
AY423_PT0002,/data/v1/CA/products/full/AY423/c/shops/linen_shop/womens
AY402_WT0002,/data/v1/CA/products/full/AY402/c/shops/reimagined/dresses_jumpsuits
AZ243_SU3929,/data/v1/CA/products/full/AZ243/c/womens_category/sweaters/pullover
AY704_WT0002,/data/v1/CA/products/full/AY704/c/shops/reimagined/pajamas
AY897_WY7588,/data/v1/CA/products/full/AY897/c/womens_category/pants/relaxed
AY865_NA6434,/data/v1/CA/products/full/AY865/c/shops/reimagined/tshirtstanktops
AY829_NA6434,/data/v1/CA/products/full/AY829/c/womens_category/sweaters/pullover
AX359_NA6445,/data/v1/CA/products/full/AX359/c/womens_category/handbags/totes
BA071_EE0635,/data/v1/CA/products/full/BA071/c/womens_category/all_accessories/sunglass_accessories
AX866_SU7819,/data/v1/CA/products/full/AX866/c/shops/reimagined/sweaters
AY546_PK5678,/data/v1/CA/products/full/AY546/c/shops/summer_deals/shoes
AY973_DM5495,/data/v1/CA/products/full/AY973/c/shops/reimagined/denim
AY619_PT0009,/data/v1/CA/products/full/AY619/c/shops/reimagined/dresses_jumpsuits
AY443_WT0002,/data/v1/CA/products/full/AY443/c/shops/bundles/w_knits
AY771_GY6372,/data/v1/CA/products/full/AY771/c/womens_category/jewelry/metals
AY954_WT0002,/data/v1/CA/products/full/AY954/c/womens_category/shorts/4inch
AY370_PT0008,/data/v1/CA/products/full/AY370/c/shops/reimagined/pajamas
BA073_NA6464,/data/v1/CA/products/full/BA073/c/womens_category/all_accessories/scarvesandwraps
AY085_GR6056,/data/v1/CA/products/full/AY085/c/shops/bundles/w_knits
AX936_PT0009,/data/v1/CA/products/full/AX936/c/shops/reimagined/swimwear
AY442_WT0002,/data/v1/CA/products/full/AY442/c/shops/bundles/w_knits
AZ089_WQ9876,/data/v1/CA/products/full/AZ089/c/shops/reimagined/accessories
AZ138_EE0275,/data/v1/CA/products/full/AZ138/c/womens_category/handbags/straw
AX959_WY5878,/data/v1/CA/products/full/AX959/c/womens_category/swimwear
AX995_WY7826,/data/v1/CA/products/full/AX995/c/womens_category/swimwear
AZ191_PT0008,/data/v1/CA/products/full/AZ191/c/shops/linen_shop/womens
AX887_BK0001,/data/v1/CA/products/full/AX887/c/womens_category/shoes/sandals
AY775_EC7253,/data/v1/CA/products/full/AY775/c/womens_feature/what_to_wear_next/zoom_upgrades
AY445_BK0001,/data/v1/CA/products/full/AY445/c/shops/reimagined/tshirtstanktops
AY545_PK0044,/data/v1/CA/products/full/AY545/c/womens_category/shoes/flats
AY785_YL5433,/data/v1/CA/products/full/AY785/c/womens_category/jewelry/metals
AY394_WT0002,/data/v1/CA/products/full/AY394/c/shops/reimagined/swimwear
AY041_WY6582,/data/v1/CA/products/full/AY041/c/womens_category/matching_sets
AY315_NA6445,/data/v1/CA/products/full/AY315/c/shops/the_summer_weddings_shop/womens
AX910_EE0273,/data/v1/CA/products/full/AX910/c/womens_category/shoes/sandals
AZ897_EC7253,/data/v1/CA/products/full/AZ897/c/shops/summer_deals/jewelry
AY830_NA6434,/data/v1/CA/products/full/AY830/c/womens_category/sweaters/pullover
AZ244_NA6434,/data/v1/CA/products/full/AZ244/c/womens_category/sweaters/pullover
AZ616_PP2339,/data/v1/CA/products/full/AZ616/c/mens_category/tshirts
AY032_PT0071,/data/v1/CA/products/full/AY032/c/womens_category/swimwear
AY790_YL5433,/data/v1/CA/products/full/AY790/c/shops/the_summer_weddings_shop/womens
BA052_EE0366,/data/v1/CA/products/full/BA052/c/shops/reimagined/accessories
BA061_PT0027,/data/v1/CA/products/full/BA061/c/shops/reimagined/accessories
AW426_WT0001,/data/v1/CA/products/full/AW426/c/womens_category/brandswelove/shoes
AY078_GR7637,/data/v1/CA/products/full/AY078/c/shops/bundles/w_knits
AY937_WQ9890,/data/v1/CA/products/full/AY937/c/womens_category/pants/wideleg
AY030_PT0071,/data/v1/CA/products/full/AY030/c/womens_category/swimwear
AY787_YL5433,/data/v1/CA/products/full/AY787/c/shops/reimagined/jewelry
BA051_PT0029,/data/v1/CA/products/full/BA051/c/shops/reimagined/accessories
AY826_NA6434,/data/v1/CA/products/full/AY826/c/womens_category/matching_sets
AY795_BL7377,/data/v1/CA/products/full/AY795/c/womens_category/jewelry/metals
AZ247_PT0077,/data/v1/CA/products/full/AZ247/c/shops/bundles/w_knits
AY909_GR6712,/data/v1/CA/products/full/AY909/c/womens_category/shorts/5inch
AY184_NA6434,/data/v1/CA/products/full/AY184/c/womens_category/shoes/espadrilles
AY162_DM4928,/data/v1/CA/products/full/AY162/c/womens_category/denim_jeans/straight
AZ135_BK0001,/data/v1/CA/products/full/AZ135/c/shops/the_summer_weddings_shop/womens
AZ180_NA6434,/data/v1/CA/products/full/AZ180/c/womens_category/all_accessories/hats
AY957_BR6053,/data/v1/CA/products/full/AY957/c/womens_category/shorts/4inch
AY408_BL8133,/data/v1/CA/products/full/AY408/c/shops/reimagined/swimwear
AY972_NA6434,/data/v1/CA/products/full/AY972/c/womens_category/denim_jeans/wideleg
AY076_GR7637,/data/v1/CA/products/full/AY076/c/shops/bundles/w_knits
AZ788_EC7246,/data/v1/CA/products/full/AZ788/c/womens_category/jewelry/metals
AY080_BL8133,/data/v1/CA/products/full/AY080/c/shops/bundles/w_knits
AY947_PT0255,/data/v1/CA/products/full/AY947/c/womens_category/pants/wideleg
BB105_BL8133,/data/v1/CA/products/full/BB105/c/womens_category/all_accessories/hats
AY457_BL8133,/data/v1/CA/products/full/AY457/c/shops/reimagined/tshirtstanktops
BA060_PT0032,/data/v1/CA/products/full/BA060/c/shops/reimagined/accessories
AY535_DM4806,/data/v1/CA/products/full/AY535/c/shops/reimagined/denim
AY352_YD0061,/data/v1/CA/products/full/AY352/c/womens_category/pajamas/pajamasets
AX866_SU7819,/data/v1/CA/products/full/AX866/c/shops/reimagined/sweaters
AY546_PK5678,/data/v1/CA/products/full/AY546/c/shops/summer_deals/shoes
AY973_DM5495,/data/v1/CA/products/full/AY973/c/shops/reimagined/denim
AY619_PT0009,/data/v1/CA/products/full/AY619/c/shops/reimagined/dresses_jumpsuits
AY443_WT0002,/data/v1/CA/products/full/AY443/c/shops/bundles/w_knits
AY771_GY6372,/data/v1/CA/products/full/AY771/c/womens_category/jewelry/metals
AY954_WT0002,/data/v1/CA/products/full/AY954/c/womens_category/shorts/4inch
AY370_PT0008,/data/v1/CA/products/full/AY370/c/shops/reimagined/pajamas
BA073_NA6464,/data/v1/CA/products/full/BA073/c/womens_category/all_accessories/scarvesandwraps
AY085_GR6056,/data/v1/CA/products/full/AY085/c/shops/bundles/w_knits
AX936_PT0009,/data/v1/CA/products/full/AX936/c/shops/reimagined/swimwear
AY442_WT0002,/data/v1/CA/products/full/AY442/c/shops/bundles/w_knits
AZ089_WQ9876,/data/v1/CA/products/full/AZ089/c/shops/reimagined/accessories
AZ138_EE0275,/data/v1/CA/products/full/AZ138/c/womens_category/handbags/straw
AX959_WY5878,/data/v1/CA/products/full/AX959/c/womens_category/swimwear
AX995_WY7826,/data/v1/CA/products/full/AX995/c/womens_category/swimwear
AZ191_PT0008,/data/v1/CA/products/full/AZ191/c/shops/linen_shop/womens
AX887_BK0001,/data/v1/CA/products/full/AX887/c/womens_category/shoes/sandals
AY775_EC7253,/data/v1/CA/products/full/AY775/c/womens_feature/what_to_wear_next/zoom_upgrades
AY445_BK0001,/data/v1/CA/products/full/AY445/c/shops/reimagined/tshirtstanktops
AY545_PK0044,/data/v1/CA/products/full/AY545/c/womens_category/shoes/flats
AY785_YL5433,/data/v1/CA/products/full/AY785/c/womens_category/jewelry/metals
AY394_WT0002,/data/v1/CA/products/full/AY394/c/shops/reimagined/swimwear
AY041_WY6582,/data/v1/CA/products/full/AY041/c/womens_category/matching_sets
AY315_NA6445,/data/v1/CA/products/full/AY315/c/shops/the_summer_weddings_shop/womens
AX910_EE0273,/data/v1/CA/products/full/AX910/c/womens_category/shoes/sandals
AZ897_EC7253,/data/v1/CA/products/full/AZ897/c/shops/summer_deals/jewelry
AY830_NA6434,/data/v1/CA/products/full/AY830/c/womens_category/sweaters/pullover
AZ244_NA6434,/data/v1/CA/products/full/AZ244/c/womens_category/sweaters/pullover
AZ616_PP2339,/data/v1/CA/products/full/AZ616/c/mens_category/tshirts
AY032_PT0071,/data/v1/CA/products/full/AY032/c/womens_category/swimwear
AY790_YL5433,/data/v1/CA/products/full/AY790/c/shops/the_summer_weddings_shop/womens
BA052_EE0366,/data/v1/CA/products/full/BA052/c/shops/reimagined/accessories
BA061_PT0027,/data/v1/CA/products/full/BA061/c/shops/reimagined/accessories
AW426_WT0001,/data/v1/CA/products/full/AW426/c/womens_category/brandswelove/shoes
AY078_GR7637,/data/v1/CA/products/full/AY078/c/shops/bundles/w_knits
AY937_WQ9890,/data/v1/CA/products/full/AY937/c/womens_category/pants/wideleg
AY030_PT0071,/data/v1/CA/products/full/AY030/c/womens_category/swimwear
AY787_YL5433,/data/v1/CA/products/full/AY787/c/shops/reimagined/jewelry
BA051_PT0029,/data/v1/CA/products/full/BA051/c/shops/reimagined/accessories
AY826_NA6434,/data/v1/CA/products/full/AY826/c/womens_category/matching_sets
AY795_BL7377,/data/v1/CA/products/full/AY795/c/womens_category/jewelry/metals
AZ247_PT0077,/data/v1/CA/products/full/AZ247/c/shops/bundles/w_knits
AY909_GR6712,/data/v1/CA/products/full/AY909/c/womens_category/shorts/5inch
AY184_NA6434,/data/v1/CA/products/full/AY184/c/womens_category/shoes/espadrilles
AY162_DM4928,/data/v1/CA/products/full/AY162/c/womens_category/denim_jeans/straight
AZ135_BK0001,/data/v1/CA/products/full/AZ135/c/shops/the_summer_weddings_shop/womens
AZ180_NA6434,/data/v1/CA/products/full/AZ180/c/womens_category/all_accessories/hats
AY957_BR6053,/data/v1/CA/products/full/AY957/c/womens_category/shorts/4inch
AY408_BL8133,/data/v1/CA/products/full/AY408/c/shops/reimagined/swimwear
AY972_NA6434,/data/v1/CA/products/full/AY972/c/womens_category/denim_jeans/wideleg
AY076_GR7637,/data/v1/CA/products/full/AY076/c/shops/bundles/w_knits
AZ788_EC7246,/data/v1/CA/products/full/AZ788/c/womens_category/jewelry/metals
AY080_BL8133,/data/v1/CA/products/full/AY080/c/shops/bundles/w_knits
AY947_PT0255,/data/v1/CA/products/full/AY947/c/womens_category/pants/wideleg
BB105_BL8133,/data/v1/CA/products/full/BB105/c/womens_category/all_accessories/hats
AY457_BL8133,/data/v1/CA/products/full/AY457/c/shops/reimagined/tshirtstanktops
BA060_PT0032,/data/v1/CA/products/full/BA060/c/shops/reimagined/accessories
AY535_DM4806,/data/v1/CA/products/full/AY535/c/shops/reimagined/denim
AY352_YD0061,/data/v1/CA/products/full/AY352/c/womens_category/pajamas/pajamasets
AY375_YD0022,/data/v1/CA/products/full/AY375/c/shops/reimagined/pajamas
AY695_BL8133,/data/v1/CA/products/full/AY695/c/womens_category/all_accessories/hats
AX719_RD5100,/data/v1/CA/products/full/AX719/c/womens_category/swimwear
BA059_EE0351,/data/v1/CA/products/full/BA059/c/shops/reimagined/accessories
AZ050_EB9899,/data/v1/CA/products/full/AZ050/c/womens_category/jewelry/demifine
AY330_NA6434,/data/v1/CA/products/full/AY330/c/womens_category/shoes/espadrilles
AY772_YL5433,/data/v1/CA/products/full/AY772/c/womens_category/jewelry/metals
AZ259_EC7253,/data/v1/CA/products/full/AZ259/c/shops/reimagined/jewelry
AY362_YD0060,/data/v1/CA/products/full/AY362/c/shops/linen_shop/womens
AX956_NA6434,/data/v1/CA/products/full/AX956/c/womens_category/swimwear
AY348_BL7133,/data/v1/CA/products/full/AY348/c/shops/reimagined/pajamas
AX967_WY8222,/data/v1/CA/products/full/AX967/c/womens_category/swimwear
AY701_WT0002,/data/v1/CA/products/full/AY701/c/shops/reimagined/pajamas
AY780_BL7377,/data/v1/CA/products/full/AY780/c/shops/summer_deals/jewelry
AX858_EB9703,/data/v1/CA/products/full/AX858/c/womens_category/sunglassesandeyewear
AX603_EB9710,/data/v1/CA/products/full/AX603/c/womens_category/sunglassesandeyewear
AY393_YD0023,/data/v1/CA/products/full/AY393/c/shops/reimagined/swimwear
AY359_YD0058,/data/v1/CA/products/full/AY359/c/shops/linen_shop/womens
BA072_EE0636,/data/v1/CA/products/full/BA072/c/womens_category/all_accessories/sunglass_accessories
AY409_PT0003,/data/v1/CA/products/full/AY409/c/shops/reimagined/swimwear
AY828_BL8133,/data/v1/CA/products/full/AY828/c/womens_category/sweaters/cardigan
AY313_NA6434,/data/v1/CA/products/full/AY313/c/womens_category/30_off_select_sale/clothing
AX937_PT0009,/data/v1/CA/products/full/AX937/c/shops/reimagined/swimwear
AY794_PK5755,/data/v1/CA/products/full/AY794/c/womens_category/jewelry/acetate
AZ056_EB7673,/data/v1/CA/products/full/AZ056/c/womens_category/jewelry/acetate
AY758_BL8133,/data/v1/CA/products/full/AY758/c/womens_category/jewelry/acetate
AY455_PP2197,/data/v1/CA/products/full/AY455/c/womens_category/tshirts_tanktops/shortsleevetshirts
AY958_DM5498,/data/v1/CA/products/full/AY958/c/shops/reimagined/denim
AX894_YL5303,/data/v1/CA/products/full/AX894/c/shops/summer_deals/shoes
AY373_YD0032,/data/v1/CA/products/full/AY373/c/shops/reimagined/pajamas
AX720_BL8133,/data/v1/CA/products/full/AX720/c/womens_category/swimwear
AZ182_WY8134,/data/v1/CA/products/full/AZ182/c/shops/linen_shop/womens
AW901_YL5433,/data/v1/CA/products/full/AW901/c/shops/summer_deals/jewelry
AW902_YL5433,/data/v1/CA/products/full/AW902/c/womens_category/jewelry/metals
AX284_EB7170,/data/v1/CA/products/full/AX284/c/womens_category/all_accessories/sunglass_accessories
AZ801_BR0910,/data/v1/CA/products/full/AZ801/c/womens_category/hair/headbands
AZ799_BR0910,/data/v1/CA/products/full/AZ799/c/womens_category/hair/barrettes_clips
AZ800_BR0910,/data/v1/CA/products/full/AZ800/c/womens_category/hair/headbands
AY827_PK5890,/data/v1/CA/products/full/AY827/c/shops/linen_shop/womens
AZ094_BL7078,/data/v1/CA/products/full/AZ094/c/womens_category/jewelry/raffia
AY764_NA6445,/data/v1/CA/products/full/AY764/c/mens_category/all_accessories/hats
AY814_ED1811,/data/v1/CA/products/full/AY814/c/womens_category/30_off_select_sale/clothing
AX180_RD6491,/data/v1/CA/products/full/AX180/c/womens_category/30_off_select_sale/clothing
AV380_WY5085,/data/v1/CA/products/full/AV380/c/womens_category/pants/slim
AV648_WT0002,/data/v1/CA/products/full/AV648/c/womens_category/denim_jeans/boyfriend
AW929_WT0002,/data/v1/CA/products/full/AW929/c/womens_category/jewelry/beaded
AV390_WQ9575,/data/v1/CA/products/full/AV390/c/womens_category/pants/flare
AV395_RD6058,/data/v1/CA/products/full/AV395/c/womens_category/pants/slim
AV435_WY5272,/data/v1/CA/products/full/AV435/c/shops/reimagined/shorts
AV707_DM4867,/data/v1/CA/products/full/AV707/c/womens_category/denim_jeans/straight
AW829_SU7349,/data/v1/CA/products/full/AW829/c/shops/reimagined/sweaters
AW105_WQ9444,/data/v1/CA/products/full/AW105/c/womens_category/30_off_select_sale/clothing
AX045_GY6469,/data/v1/CA/products/full/AX045/c/shops/reimagined/sweaters
AW121_BK0001,/data/v1/CA/products/full/AW121/c/shops/reimagined/tshirtstanktops
AX301_WY5629,/data/v1/CA/products/full/AX301/c/womens_category/shorts/5inch
AW126_BL8133,/data/v1/CA/products/full/AW126/c/shops/reimagined/tshirtstanktops
AW275_EB9389,/data/v1/CA/products/full/AW275/c/womens_category/brandswelove/shoes
AW752_WY5552,/data/v1/CA/products/full/AW752/c/womens_category/30_off_select_sale/clothing
AX212_DM4739,/data/v1/CA/products/full/AX212/c/womens_category/denim_jeans/skinny
AU960_KL2282,/data/v1/CA/products/full/AU960/c/womens_category/swimwear
AW880_EC7253,/data/v1/CA/products/full/AW880/c/womens_category/jewelry/pearls
AW045_WQ9438,/data/v1/CA/products/full/AW045/c/womens_category/blazers/dalton
AY541_EE0308,/data/v1/CA/products/full/AY541/c/womens_category/hair/barrettes_clips
AU974_BL8133,/data/v1/CA/products/full/AU974/c/shops/summer_deals/swim
AV816_GR7851,/data/v1/CA/products/full/AV816/c/womens_category/30_off_select_sale/clothing
AV713_DM4866,/data/v1/CA/products/full/AV713/c/womens_category/denim_jeans/straight
AV641_WT0002,/data/v1/CA/products/full/AV641/c/womens_category/denim_jeans/straight
AW104_BL8133,/data/v1/CA/products/full/AW104/c/shops/reimagined/coatsjackets
AV129_BK0001,/data/v1/CA/products/full/AV129/c/womens_category/swimwear
AV808_EE0294,/data/v1/CA/products/full/AV808/c/mens_category/bags/messengers_totes
AV941_DM5334,/data/v1/CA/products/full/AV941/c/womens_category/pants/relaxed
AW827_SU7348,/data/v1/CA/products/full/AW827/c/shops/reimagined/sweaters
AW500_BL8133,/data/v1/CA/products/full/AW500/c/shops/summer_deals/skirts
AY171_WQ9307,/data/v1/CA/products/full/AY171/c/womens_category/dressesandjumpsuits
AW084_EB9321,/data/v1/CA/products/full/AW084/c/womens_category/shoes/sneakers
AW586_BL0113,/data/v1/CA/products/full/AW586/c/womens_category/tshirts_tanktops/tanktopsandcamisoles
AW144_PP2181,/data/v1/CA/products/full/AW144/c/shops/reimagined/tshirtstanktops
AV757_DM4918,/data/v1/CA/products/full/AV757/c/womens_category/denim_jeans/demiboot
AW770_PK5678,/data/v1/CA/products/full/AW770/c/shops/reimagined/tshirtstanktops
AX104_DM4748,/data/v1/CA/products/full/AX104/c/shops/reimagined/denim
AW040_BL8133,/data/v1/CA/products/full/AW040/c/womens_category/30_off_select_sale/clothing
AW116_PP2179,/data/v1/CA/products/full/AW116/c/shops/reimagined/tshirtstanktops
AV983_RD5812,/data/v1/CA/products/full/AV983/c/womens_category/30_off_select_sale/clothing
AW123_PK5755,/data/v1/CA/products/full/AW123/c/shops/summer_deals/knits
AU917_WP0020,/data/v1/CA/products/full/AU917/c/womens_category/swimwear
AW133_PP0880,/data/v1/CA/products/full/AW133/c/womens_category/30_off_select_sale/clothing
AW047_BK0001,/data/v1/CA/products/full/AW047/c/shops/30_off_summer_essentials/bags
AV691_DM4882,/data/v1/CA/products/full/AV691/c/womens_category/denim_jeans/skinny
AV702_WT0002,/data/v1/CA/products/full/AV702/c/shops/reimagined/denim
AV758_DM4868,/data/v1/CA/products/full/AV758/c/shops/reimagined/denim
AV383_WY6960,/data/v1/CA/products/full/AV383/c/womens_category/pants/slim
AW112_SU7076,/data/v1/CA/products/full/AW112/c/shops/reimagined/sweaters
AV877_GR7859,/data/v1/CA/products/full/AV877/c/womens_category/sunglassesandeyewear
AV710_DM4862,/data/v1/CA/products/full/AV710/c/womens_category/denim_jeans/straight
AW429_BK0001,/data/v1/CA/products/full/AW429/c/womens_category/all_accessories/hats
AX119_BL8133,/data/v1/CA/products/full/AX119/c/womens_category/30_off_select_sale/clothing
AU916_WP0020,/data/v1/CA/products/full/AU916/c/womens_category/swimwear
AY150_EG7663,/data/v1/CA/products/full/AY150/c/womens_category/shoes/sandals
AV948_BK0001,/data/v1/CA/products/full/AV948/c/womens_category/30_off_select_sale/clothing
AV132_YL5690,/data/v1/CA/products/full/AV132/c/womens_category/swimwear
AV252_DM4930,/data/v1/CA/products/full/AV252/c/shops/reimagined/shorts
AU973_BL8133,/data/v1/CA/products/full/AU973/c/shops/summer_deals/swim
AU919_WP0020,/data/v1/CA/products/full/AU919/c/womens_category/swimwear
AU918_WP0020,/data/v1/CA/products/full/AU918/c/womens_category/swimwear
AV809_EE0294,/data/v1/CA/products/full/AV809/c/shops/30_off_summer_essentials/bags
AV826_DM5241,/data/v1/CA/products/full/AV826/c/shops/reimagined/shorts
AV938_NA6212,/data/v1/CA/products/full/AV938/c/womens_category/pants/relaxed
AV442_WY5151,/data/v1/CA/products/full/AV442/c/womens_category/30_off_select_sale/clothing
AV260_KL2282,/data/v1/CA/products/full/AV260/c/womens_category/swimwear
AW458_EB9530,/data/v1/CA/products/full/AW458/c/shops/summer_deals/accessories
AW668_WY4980,/data/v1/CA/products/full/AW668/c/womens_category/hair/scrunchies_hairties
AU931_BL7519,/data/v1/CA/products/full/AU931/c/womens_category/30_off_select_sale/clothing
AV425_DM4924,/data/v1/CA/products/full/AV425/c/shops/reimagined/shorts
AU963_KL7133,/data/v1/CA/products/full/AU963/c/womens_category/swimwear
AV131_YL5690,/data/v1/CA/products/full/AV131/c/womens_category/swimwear
AU959_KL2282,/data/v1/CA/products/full/AU959/c/womens_category/swimwear
AV441_WY4980,/data/v1/CA/products/full/AV441/c/womens_category/pants/relaxed
AV161_PK5878,/data/v1/CA/products/full/AV161/c/shops/summer_deals/pajamas
AU932_BL7519,/data/v1/CA/products/full/AU932/c/womens_category/swimwear
AV763_DM4871,/data/v1/CA/products/full/AV763/c/womens_category/denim_jeans/boyfriend
AW880_EC7253,/data/v1/CA/products/full/AW880/c/womens_category/jewelry/pearls
AW045_WQ9438,/data/v1/CA/products/full/AW045/c/womens_category/blazers/dalton
AY541_EE0308,/data/v1/CA/products/full/AY541/c/womens_category/hair/barrettes_clips
AU974_BL8133,/data/v1/CA/products/full/AU974/c/shops/summer_deals/swim
AV816_GR7851,/data/v1/CA/products/full/AV816/c/womens_category/30_off_select_sale/clothing
AV713_DM4866,/data/v1/CA/products/full/AV713/c/womens_category/denim_jeans/straight
AV641_WT0002,/data/v1/CA/products/full/AV641/c/womens_category/denim_jeans/straight
AW104_BL8133,/data/v1/CA/products/full/AW104/c/shops/reimagined/coatsjackets
AV129_BK0001,/data/v1/CA/products/full/AV129/c/womens_category/swimwear
AV808_EE0294,/data/v1/CA/products/full/AV808/c/mens_category/bags/messengers_totes
AV941_DM5334,/data/v1/CA/products/full/AV941/c/womens_category/pants/relaxed
AW827_SU7348,/data/v1/CA/products/full/AW827/c/shops/reimagined/sweaters
AW500_BL8133,/data/v1/CA/products/full/AW500/c/shops/summer_deals/skirts
AY171_WQ9307,/data/v1/CA/products/full/AY171/c/womens_category/dressesandjumpsuits
AW084_EB9321,/data/v1/CA/products/full/AW084/c/womens_category/shoes/sneakers
AW586_BL0113,/data/v1/CA/products/full/AW586/c/womens_category/tshirts_tanktops/tanktopsandcamisoles
AW144_PP2181,/data/v1/CA/products/full/AW144/c/shops/reimagined/tshirtstanktops
AV757_DM4918,/data/v1/CA/products/full/AV757/c/womens_category/denim_jeans/demiboot
AW770_PK5678,/data/v1/CA/products/full/AW770/c/shops/reimagined/tshirtstanktops
AX104_DM4748,/data/v1/CA/products/full/AX104/c/shops/reimagined/denim
AW040_BL8133,/data/v1/CA/products/full/AW040/c/womens_category/30_off_select_sale/clothing
AW116_PP2179,/data/v1/CA/products/full/AW116/c/shops/reimagined/tshirtstanktops
AV983_RD5812,/data/v1/CA/products/full/AV983/c/womens_category/30_off_select_sale/clothing
AW123_PK5755,/data/v1/CA/products/full/AW123/c/shops/summer_deals/knits
AU917_WP0020,/data/v1/CA/products/full/AU917/c/womens_category/swimwear
AW133_PP0880,/data/v1/CA/products/full/AW133/c/womens_category/30_off_select_sale/clothing
AW047_BK0001,/data/v1/CA/products/full/AW047/c/shops/30_off_summer_essentials/bags
AV691_DM4882,/data/v1/CA/products/full/AV691/c/womens_category/denim_jeans/skinny
AV702_WT0002,/data/v1/CA/products/full/AV702/c/shops/reimagined/denim
AV758_DM4868,/data/v1/CA/products/full/AV758/c/shops/reimagined/denim
AV383_WY6960,/data/v1/CA/products/full/AV383/c/womens_category/pants/slim
AW112_SU7076,/data/v1/CA/products/full/AW112/c/shops/reimagined/sweaters
AV877_GR7859,/data/v1/CA/products/full/AV877/c/womens_category/sunglassesandeyewear
AV710_DM4862,/data/v1/CA/products/full/AV710/c/womens_category/denim_jeans/straight
AW429_BK0001,/data/v1/CA/products/full/AW429/c/womens_category/all_accessories/hats
AX119_BL8133,/data/v1/CA/products/full/AX119/c/womens_category/30_off_select_sale/clothing
AU916_WP0020,/data/v1/CA/products/full/AU916/c/womens_category/swimwear
AY150_EG7663,/data/v1/CA/products/full/AY150/c/womens_category/shoes/sandals
AV948_BK0001,/data/v1/CA/products/full/AV948/c/womens_category/30_off_select_sale/clothing
AV132_YL5690,/data/v1/CA/products/full/AV132/c/womens_category/swimwear
AV252_DM4930,/data/v1/CA/products/full/AV252/c/shops/reimagined/shorts
AU973_BL8133,/data/v1/CA/products/full/AU973/c/shops/summer_deals/swim
AU919_WP0020,/data/v1/CA/products/full/AU919/c/womens_category/swimwear
AU918_WP0020,/data/v1/CA/products/full/AU918/c/womens_category/swimwear
AV809_EE0294,/data/v1/CA/products/full/AV809/c/shops/30_off_summer_essentials/bags
AV826_DM5241,/data/v1/CA/products/full/AV826/c/shops/reimagined/shorts
AV938_NA6212,/data/v1/CA/products/full/AV938/c/womens_category/pants/relaxed
AV442_WY5151,/data/v1/CA/products/full/AV442/c/womens_category/30_off_select_sale/clothing
AV260_KL2282,/data/v1/CA/products/full/AV260/c/womens_category/swimwear
AW458_EB9530,/data/v1/CA/products/full/AW458/c/shops/summer_deals/accessories
AW668_WY4980,/data/v1/CA/products/full/AW668/c/womens_category/hair/scrunchies_hairties
AU931_BL7519,/data/v1/CA/products/full/AU931/c/womens_category/30_off_select_sale/clothing
AV425_DM4924,/data/v1/CA/products/full/AV425/c/shops/reimagined/shorts
AU963_KL7133,/data/v1/CA/products/full/AU963/c/womens_category/swimwear
AV131_YL5690,/data/v1/CA/products/full/AV131/c/womens_category/swimwear
AU959_KL2282,/data/v1/CA/products/full/AU959/c/womens_category/swimwear
AV441_WY4980,/data/v1/CA/products/full/AV441/c/womens_category/pants/relaxed
AV161_PK5878,/data/v1/CA/products/full/AV161/c/shops/summer_deals/pajamas
AU932_BL7519,/data/v1/CA/products/full/AU932/c/womens_category/swimwear
AV763_DM4871,/data/v1/CA/products/full/AV763/c/womens_category/denim_jeans/boyfriend
AW448_PR5551,/data/v1/CA/products/full/AW448/c/womens_category/30_off_select_sale/clothing
AU961_KL7133,/data/v1/CA/products/full/AU961/c/womens_category/swimwear
AU975_BL8133,/data/v1/CA/products/full/AU975/c/shops/summer_deals/swim
AY054_EE0077,/data/v1/CA/products/full/AY054/c/womens_category/brandswelove/shoes
AY053_EE0076,/data/v1/CA/products/full/AY053/c/womens_category/shoes/sneakers
AR480_WY2655,/data/v1/CA/products/full/AR480/c/womens_category/30_off_select_sale/clothing
AW762_EB9740,/data/v1/CA/products/full/AW762/c/womens_category/jewelry/demifine
AX102_EB9835,/data/v1/CA/products/full/AX102/c/womens_category/all_accessories/sunglass_accessories
AV890_EC7253,/data/v1/CA/products/full/AV890/c/womens_category/jewelry/demifine
AT534_DM4792,/data/v1/CA/products/full/AT534/c/shops/reimagined/denim
AQ786_DM0710,/data/v1/CA/products/full/AQ786/c/womens_category/denim_jeans/demiboot
AU606_BL8133,/data/v1/CA/products/full/AU606/c/shops/giftguide/sweaters
AU338_BK0001,/data/v1/CA/products/full/AU338/c/shops/giftguide/sweatshirtssweatpants
AT967_DM4885,/data/v1/CA/products/full/AT967/c/womens_category/denim_jeans/boyfriend
AU151_GY6372,/data/v1/CA/products/full/AU151/c/shops/giftguide/jewelry
AV789_PP1492,/data/v1/CA/products/full/AV789/c/womens_category/maternity/tshirts_tanktops
AT960_SU4829,/data/v1/CA/products/full/AT960/c/shops/reimagined/sweaters
AS695_WQ9257,/data/v1/CA/products/full/AS695/c/womens_category/30_off_select_sale/clothing
AS297_BL8133,/data/v1/CA/products/full/AS297/c/womens_category/maternity/tshirts_tanktops
AT964_DM4924,/data/v1/CA/products/full/AT964/c/womens_category/denim_jeans/boyfriend
AV604_YL5433,/data/v1/CA/products/full/AV604/c/womens_category/jewelry/metals
AU049_DM4920,/data/v1/CA/products/full/AU049/c/shops/summer_deals/pants
AU206_NA6434,/data/v1/CA/products/full/AU206/c/shops/giftguide/accessories
AU519_NA6434,/data/v1/CA/products/full/AU519/c/shops/giftguide/sweatshirtssweatpants
AU626_BL7959,/data/v1/CA/products/full/AU626/c/shops/reimagined/sweaters
AT810_BK0001,/data/v1/CA/products/full/AT810/c/womens_category/all_accessories/hats
AT605_WQ4254,/data/v1/CA/products/full/AT605/c/womens_category/dressesandjumpsuits
AU082_BK0001,/data/v1/CA/products/full/AU082/c/shops/giftguide/pajamas
AU628_BR6564,/data/v1/CA/products/full/AU628/c/shops/reimagined/sweaters
AS304_WT0002,/data/v1/CA/products/full/AS304/c/womens_category/30_off_select_sale/clothing
AU627_BR6564,/data/v1/CA/products/full/AU627/c/shops/reimagined/sweaters
AR728_WY2477,/data/v1/CA/products/full/AR728/c/womens_category/dressesandjumpsuits
AQ433_DM4827,/data/v1/CA/products/full/AQ433/c/mens_category/coats_and_jackets/denim_and_trucker
AR865_BK0001,/data/v1/CA/products/full/AR865/c/womens_category/shoes/pumpsandheels
AR914_NA6445,/data/v1/CA/products/full/AR914/c/womens_category/shoes/sneakers
AR588_EE1175,/data/v1/CA/products/full/AR588/c/womens_category/brandswelove/shoes
AR593_EB7853,/data/v1/CA/products/full/AR593/c/womens_category/brandswelove/shoes
AQ669_EB6602,/data/v1/CA/products/full/AQ669/c/womens_category/30_off_select_sale/clothing
AQ750_GR6749,/data/v1/CA/products/full/AQ750/c/womens_category/shoes/sneakers
AQ670_BK0001,/data/v1/CA/products/full/AQ670/c/womens_category/30_off_select_sale/clothing
AR530_EB7968,/data/v1/CA/products/full/AR530/c/womens_category/brandswelove/shoes
AB378_DM3331,/data/v1/CA/products/full/AB378/c/womens_category/denim_jeans/demiboot
AR464_GR6377,/data/v1/CA/products/full/AR464/c/womens_category/30_off_select_sale/clothing
AQ382_NA6285,/data/v1/CA/products/full/AQ382/c/shops/reimagined/sweaters
AQ470_GR7352,/data/v1/CA/products/full/AQ470/c/womens_category/30_off_select_sale/clothing
AS494_YL5433,/data/v1/CA/products/full/AS494/c/womens_category/jewelry/metals
AT223_BL8133,/data/v1/CA/products/full/AT223/c/shops/giftguide/coatsjackets
AR772_BK0001,/data/v1/CA/products/full/AR772/c/shops/bundles/w_knits
AQ671_EG9498,/data/v1/CA/products/full/AQ671/c/shops/associatediscountexclusions
AT048_BK0001,/data/v1/CA/products/full/AT048/c/womens_category/socksandtights/noshows
AS140_BL8133,/data/v1/CA/products/full/AS140/c/womens_category/30_off_select_sale/clothing
AQ321_EB7267,/data/v1/CA/products/full/AQ321/c/womens_category/brandswelove/shoes
M5158_BK0001,/data/v1/CA/products/full/M5158/c/womens_category/sunglassesandeyewear
M5157_BK0001,/data/v1/CA/products/full/M5157/c/womens_category/sunglassesandeyewear
M5159_BK0001,/data/v1/CA/products/full/M5159/c/womens_category/sunglassesandeyewear
AQ531_WT0002,/data/v1/CA/products/full/AQ531/c/womens_category/30_off_select_sale/clothing
AQ530_WT0002,/data/v1/CA/products/full/AQ530/c/womens_category/30_off_select_sale/clothing
AN021_DM4194,/data/v1/CA/products/full/AN021/c/shops/reimagined/denim
AQ952_YL5433,/data/v1/CA/products/full/AQ952/c/womens_category/jewelry/metals
AQ953_YL5433,/data/v1/CA/products/full/AQ953/c/shops/giftguide/jewelry
AW448_PR5551,/data/v1/CA/products/full/AW448/c/womens_category/30_off_select_sale/clothing
AU961_KL7133,/data/v1/CA/products/full/AU961/c/womens_category/swimwear
AU975_BL8133,/data/v1/CA/products/full/AU975/c/shops/summer_deals/swim
AY054_EE0077,/data/v1/CA/products/full/AY054/c/womens_category/brandswelove/shoes
AY053_EE0076,/data/v1/CA/products/full/AY053/c/womens_category/shoes/sneakers
AR480_WY2655,/data/v1/CA/products/full/AR480/c/womens_category/30_off_select_sale/clothing
AW762_EB9740,/data/v1/CA/products/full/AW762/c/womens_category/jewelry/demifine
AX102_EB9835,/data/v1/CA/products/full/AX102/c/womens_category/all_accessories/sunglass_accessories
AV890_EC7253,/data/v1/CA/products/full/AV890/c/womens_category/jewelry/demifine
AT534_DM4792,/data/v1/CA/products/full/AT534/c/shops/reimagined/denim
AQ786_DM0710,/data/v1/CA/products/full/AQ786/c/womens_category/denim_jeans/demiboot
AU606_BL8133,/data/v1/CA/products/full/AU606/c/shops/giftguide/sweaters
AU338_BK0001,/data/v1/CA/products/full/AU338/c/shops/giftguide/sweatshirtssweatpants
AT967_DM4885,/data/v1/CA/products/full/AT967/c/womens_category/denim_jeans/boyfriend
AU151_GY6372,/data/v1/CA/products/full/AU151/c/shops/giftguide/jewelry
AV789_PP1492,/data/v1/CA/products/full/AV789/c/womens_category/maternity/tshirts_tanktops
AT960_SU4829,/data/v1/CA/products/full/AT960/c/shops/reimagined/sweaters
AS695_WQ9257,/data/v1/CA/products/full/AS695/c/womens_category/30_off_select_sale/clothing
AS297_BL8133,/data/v1/CA/products/full/AS297/c/womens_category/maternity/tshirts_tanktops
AT964_DM4924,/data/v1/CA/products/full/AT964/c/womens_category/denim_jeans/boyfriend
AV604_YL5433,/data/v1/CA/products/full/AV604/c/womens_category/jewelry/metals
AU049_DM4920,/data/v1/CA/products/full/AU049/c/shops/summer_deals/pants
AU206_NA6434,/data/v1/CA/products/full/AU206/c/shops/giftguide/accessories
AU519_NA6434,/data/v1/CA/products/full/AU519/c/shops/giftguide/sweatshirtssweatpants
AU626_BL7959,/data/v1/CA/products/full/AU626/c/shops/reimagined/sweaters
AT810_BK0001,/data/v1/CA/products/full/AT810/c/womens_category/all_accessories/hats
AT605_WQ4254,/data/v1/CA/products/full/AT605/c/womens_category/dressesandjumpsuits
AU082_BK0001,/data/v1/CA/products/full/AU082/c/shops/giftguide/pajamas
AU628_BR6564,/data/v1/CA/products/full/AU628/c/shops/reimagined/sweaters
AS304_WT0002,/data/v1/CA/products/full/AS304/c/womens_category/30_off_select_sale/clothing
AU627_BR6564,/data/v1/CA/products/full/AU627/c/shops/reimagined/sweaters
AR728_WY2477,/data/v1/CA/products/full/AR728/c/womens_category/dressesandjumpsuits
AQ433_DM4827,/data/v1/CA/products/full/AQ433/c/mens_category/coats_and_jackets/denim_and_trucker
AR865_BK0001,/data/v1/CA/products/full/AR865/c/womens_category/shoes/pumpsandheels
AR914_NA6445,/data/v1/CA/products/full/AR914/c/womens_category/shoes/sneakers
AR588_EE1175,/data/v1/CA/products/full/AR588/c/womens_category/brandswelove/shoes
AR593_EB7853,/data/v1/CA/products/full/AR593/c/womens_category/brandswelove/shoes
AQ669_EB6602,/data/v1/CA/products/full/AQ669/c/womens_category/30_off_select_sale/clothing
AQ750_GR6749,/data/v1/CA/products/full/AQ750/c/womens_category/shoes/sneakers
AQ670_BK0001,/data/v1/CA/products/full/AQ670/c/womens_category/30_off_select_sale/clothing
AR530_EB7968,/data/v1/CA/products/full/AR530/c/womens_category/brandswelove/shoes
AB378_DM3331,/data/v1/CA/products/full/AB378/c/womens_category/denim_jeans/demiboot
AR464_GR6377,/data/v1/CA/products/full/AR464/c/womens_category/30_off_select_sale/clothing
AQ382_NA6285,/data/v1/CA/products/full/AQ382/c/shops/reimagined/sweaters
AQ470_GR7352,/data/v1/CA/products/full/AQ470/c/womens_category/30_off_select_sale/clothing
AS494_YL5433,/data/v1/CA/products/full/AS494/c/womens_category/jewelry/metals
AT223_BL8133,/data/v1/CA/products/full/AT223/c/shops/giftguide/coatsjackets
AR772_BK0001,/data/v1/CA/products/full/AR772/c/shops/bundles/w_knits
AQ671_EG9498,/data/v1/CA/products/full/AQ671/c/shops/associatediscountexclusions
AT048_BK0001,/data/v1/CA/products/full/AT048/c/womens_category/socksandtights/noshows
AS140_BL8133,/data/v1/CA/products/full/AS140/c/womens_category/30_off_select_sale/clothing
AQ321_EB7267,/data/v1/CA/products/full/AQ321/c/womens_category/brandswelove/shoes
M5158_BK0001,/data/v1/CA/products/full/M5158/c/womens_category/sunglassesandeyewear
M5157_BK0001,/data/v1/CA/products/full/M5157/c/womens_category/sunglassesandeyewear
M5159_BK0001,/data/v1/CA/products/full/M5159/c/womens_category/sunglassesandeyewear
AQ531_WT0002,/data/v1/CA/products/full/AQ531/c/womens_category/30_off_select_sale/clothing
AQ530_WT0002,/data/v1/CA/products/full/AQ530/c/womens_category/30_off_select_sale/clothing
AN021_DM4194,/data/v1/CA/products/full/AN021/c/shops/reimagined/denim
AQ952_YL5433,/data/v1/CA/products/full/AQ952/c/womens_category/jewelry/metals
AQ953_YL5433,/data/v1/CA/products/full/AQ953/c/shops/giftguide/jewelry
AQ979_NA6445,/data/v1/CA/products/full/AQ979/c/womens_category/30_off_select_sale/clothing
AQ723_EB7950,/data/v1/CA/products/full/AQ723/c/womens_category/30_off_select_sale/clothing
AR513_EB8003,/data/v1/CA/products/full/AR513/c/womens_category/brandswelove/shoes
AO954_WY1377,/data/v1/CA/products/full/AO954/c/shops/review/women
AO826_BL7519,/data/v1/CA/products/full/AO826/c/shops/summer_deals/swim
AN880_BL8133,/data/v1/CA/products/full/AN880/c/womens_category/swimwear
AN745_OR5667,/data/v1/CA/products/full/AN745/c/womens_category/swimwear
AN879_BK0001,/data/v1/CA/products/full/AN879/c/womens_category/swimwear
AO839_BL7519,/data/v1/CA/products/full/AO839/c/womens_category/swimwear
AO824_BL7519,/data/v1/CA/products/full/AO824/c/womens_category/30_off_select_sale/clothing
AO825_BL7519,/data/v1/CA/products/full/AO825/c/shops/summer_deals/swim
AN180_PR5340,/data/v1/CA/products/full/AN180/c/womens_category/tshirts_tanktops/shortsleevetshirts
AM968_WT0020,/data/v1/CA/products/full/AM968/c/shops/reimagined/shorts
AN857_EB7028,/data/v1/CA/products/full/AN857/c/womens_category/handbags/clutchesandpouches
AN878_BK0001,/data/v1/CA/products/full/AN878/c/womens_category/swimwear
AP749_EB7390,/data/v1/CA/products/full/AP749/c/womens_category/30_off_select_sale/clothing
AQ594_PK5997,/data/v1/CA/products/full/AQ594/c/womens_category/hair/scrunchies_hairties
AQ593_PK5997,/data/v1/CA/products/full/AQ593/c/womens_category/hair/scrunchies_hairties
AN179_KA9897,/data/v1/CA/products/full/AN179/c/womens_category/tshirts_tanktops/shortsleevetshirts
AO059_GY6869,/data/v1/CA/products/full/AO059/c/womens_category/tshirts_tanktops/tanktopsandcamisoles
AK795_NA6445,/data/v1/CA/products/full/AK795/c/shops/the_summer_weddings_shop/womens
AJ942_DM3872,/data/v1/CA/products/full/AJ942/c/womens_category/denim_jeans/wideleg
AM080_EB6540,/data/v1/CA/products/full/AM080/c/womens_category/shoes/sneakers
AK945_BK0001,/data/v1/CA/products/full/AK945/c/womens_category/swimwear
AK951_BK0001,/data/v1/CA/products/full/AK951/c/womens_category/swimwear
AK943_BK0001,/data/v1/CA/products/full/AK943/c/shops/summer_deals/swim
AK944_BK0001,/data/v1/CA/products/full/AK944/c/shops/summer_deals/swim
AJ644_GR6056,/data/v1/CA/products/full/AJ644/c/shops/bundles/w_knits
AJ420_NA6434,/data/v1/CA/products/full/AJ420/c/shops/reimagined/pants
AK861_EB9690,/data/v1/CA/products/full/AK861/c/womens_category/all_accessories/hats
AK164_SU6560,/data/v1/CA/products/full/AK164/c/shops/cashmereassortment
AL231_SU3929,/data/v1/CA/products/full/AL231/c/shops/reimagined/sweaters
AL791_YL5433,/data/v1/CA/products/full/AL791/c/shops/giftguide/jewelry
AK820_EC7253,/data/v1/CA/products/full/AK820/c/womens_category/jewelry/pearls
AH933_EB6087,/data/v1/CA/products/full/AH933/c/womens_category/sunglassesandeyewear
AL228_WY5672,/data/v1/CA/products/full/AL228/c/womens_category/all_accessories/umbrellas
AH931_BK0001,/data/v1/CA/products/full/AH931/c/womens_category/sunglassesandeyewear
AK946_BK0001,/data/v1/CA/products/full/AK946/c/womens_category/swimwear
AK332_BL8133,/data/v1/CA/products/full/AK332/c/shops/giftguide/pajamas
AK283_WY8040,/data/v1/CA/products/full/AK283/c/shops/reimagined/swimwear
AM146_SU6564,/data/v1/CA/products/full/AM146/c/shops/giftguide/sweaters
AI670_DM3335,/data/v1/CA/products/full/AI670/c/shops/reimagined/coatsjackets
AI253_WT0002,/data/v1/CA/products/full/AI253/c/shops/30_off_summer_essentials/blazers
AL760_EC7253,/data/v1/CA/products/full/AL760/c/womens_category/jewelry/pearls
AG654_BL7133,/data/v1/CA/products/full/AG654/c/shops/giftguide/accessories
AK471_EC7253,/data/v1/CA/products/full/AK471/c/womens_category/jewelry/demifine
M1769_ED1811,/data/v1/CA/products/full/M1769/c/shops/giftguide/jewelry
AG139_BL8133,/data/v1/CA/products/full/AG139/c/womens_category/swimwear
AD753_SU4880,/data/v1/CA/products/full/AD753/c/shops/giftguide/sweaters
AF761_EC8333,/data/v1/CA/products/full/AF761/c/womens_category/jewelry/crystal
AC467_PK5678,/data/v1/CA/products/full/AC467/c/womens_category/skirts/midi
AC583_WX6501,/data/v1/CA/products/full/AC583/c/womens_category/hair/headbands
AB104_BK0001,/data/v1/CA/products/full/AB104/c/womens_category/shoes/boots
AB720_BL7024,/data/v1/CA/products/full/AB720/c/shops/bundles/w_knits
AB719_BL7024,/data/v1/CA/products/full/AB719/c/shops/bundles/w_knits
AC318_BL8133,/data/v1/CA/products/full/AC318/c/shops/giftguide/pajamas
L4714_DM3107,/data/v1/CA/products/full/L4714/c/womens_category/denim_jeans/curvy
AB798_BR6332,/data/v1/CA/products/full/AB798/c/womens_category/pants/straight
M1598_EF5078,/data/v1/CA/products/full/M1598/c/womens_category/all_accessories/umbrellas
M1320_PR5340,/data/v1/CA/products/full/M1320/c/womens_category/30_off_select_sale/clothing
L5827_KU0565,/data/v1/CA/products/full/L5827/c/womens_category/swimwear
L7197_EB1877,/data/v1/CA/products/full/L7197/c/womens_category/shoes/sneakers
L2366_YL5433,/data/v1/CA/products/full/L2366/c/womens_category/jewelry/metals
L8185_BL8133,/data/v1/CA/products/full/L8185/c/shops/summer_deals/shorts
L4729_WT0002,/data/v1/CA/products/full/L4729/c/shops/reimagined/denim
L4869_WT0002,/data/v1/CA/products/full/L4869/c/womens_category/denim_jeans/curvy
L7578_YD0028,/data/v1/CA/products/full/L7578/c/womens_category/skirts/pencil
K8220_EG5624,/data/v1/CA/products/full/K8220/c/womens_category/30_off_select_sale/clothing
L3620_EB0226,/data/v1/CA/products/full/L3620/c/womens_category/belts
L3619_EB0226,/data/v1/CA/products/full/L3619/c/womens_category/belts
J3580_BK0001,/data/v1/CA/products/full/J3580/c/womens_category/swimwear
L2585_BK0001,/data/v1/CA/products/full/L2585/c/shops/summer_deals/swim
L2848_WX6172,/data/v1/CA/products/full/L2848/c/shops/linen_shop/womens
K6518_EC7246,/data/v1/CA/products/full/K6518/c/womens_category/jewelry/demifine
K7890_EB0226,/data/v1/CA/products/full/K7890/c/womens_category/shoes/pumpsandheels
L2169_GR6056,/data/v1/CA/products/full/L2169/c/shops/promobuckettest
K7505_BK0001,/data/v1/CA/products/full/K7505/c/womens_category/skirts/pencil
K5964_PK5837,/data/v1/CA/products/full/K5964/c/womens_category/blazers/regent
K6163_BK0001,/data/v1/CA/products/full/K6163/c/shops/summer_deals/swim
K5968_BK0001,/data/v1/CA/products/full/K5968/c/womens_category/swimwear
J8744_BK0001,/data/v1/CA/products/full/J8744/c/womens_category/pants/skinny
K5953_BK0001,/data/v1/CA/products/full/K5953/c/womens_category/pants/slim
K4997_BL8133,/data/v1/CA/products/full/K4997/c/shops/giftguide/shoes
K6563_BK0001,/data/v1/CA/products/full/K6563/c/womens_category/30_off_select_sale/clothing
J5388_WQ5434,/data/v1/CA/products/full/J5388/c/womens_category/pants/slim
J5385_WQ5434,/data/v1/CA/products/full/J5385/c/womens_category/blazers/parke
K2532_NA6903,/data/v1/CA/products/full/K2532/c/shops/cashmereassortment
K5393_DM2763,/data/v1/CA/products/full/K5393/c/womens_category/denim_jeans/straight
K2166_BK0001,/data/v1/CA/products/full/K2166/c/womens_category/pants/slim
K1313_BK0001,/data/v1/CA/products/full/K1313/c/shops/cashmereassortment
K1541_BR6836,/data/v1/CA/products/full/K1541/c/womens_category/belts
K3228_BR0910,/data/v1/CA/products/full/K3228/c/womens_category/hair/headbands
K1121_EF4440,/data/v1/CA/products/full/K1121/c/womens_category/hair/italian_tortoise
K0176_EG9498,/data/v1/CA/products/full/K0176/c/shops/associatediscountexclusions
J5407_WQ5434,/data/v1/CA/products/full/J5407/c/womens_category/skirts/pencil
J5389_BL8133,/data/v1/CA/products/full/J5389/c/womens_category/pants/curvy
J6330_DM2072,/data/v1/CA/products/full/J6330/c/womens_category/denim_jeans/demiboot
J1812_PK6211,/data/v1/CA/products/full/J1812/c/womens_category/swimwear
J1905_BK0001,/data/v1/CA/products/full/J1905/c/shops/reimagined/pants
J5627_BR5996,/data/v1/CA/products/full/J5627/c/shops/30_off_summer_essentials/blazers
J6339_GY6882,/data/v1/CA/products/full/J6339/c/shops/reimagined/sweaters
J6740_BL8133,/data/v1/CA/products/full/J6740/c/shops/giftguide/pajamas
J6632_BL7959,/data/v1/CA/products/full/J6632/c/shops/cashmereassortment
H8240_DM0710,/data/v1/CA/products/full/H8240/c/womens_category/denim_jeans/curvy
J3556_BL8133,/data/v1/CA/products/full/J3556/c/womens_category/swimwear
J3557_BL8133,/data/v1/CA/products/full/J3557/c/womens_category/30_off_select_sale/clothing
J1752_DM0574,/data/v1/CA/products/full/J1752/c/shops/reimagined/denim
H8210_DM2029,/data/v1/CA/products/full/H8210/c/womens_category/denim_jeans/curvy
J1886_DM2042,/data/v1/CA/products/full/J1886/c/womens_category/denim_jeans/skinny
J2325_BL6608,/data/v1/CA/products/full/J2325/c/shops/reimagined/shorts
J2383_DM2227,/data/v1/CA/products/full/J2383/c/shops/reimagined/shorts
H8908_BK0001,/data/v1/CA/products/full/H8908/c/womens_category/sunglassesandeyewear
H8956_BK0001,/data/v1/CA/products/full/H8956/c/womens_category/swimwear
H8244_KA3567,/data/v1/CA/products/full/H8244/c/womens_category/swimwear
H8248_BK0001,/data/v1/CA/products/full/H8248/c/womens_category/swimwear
H7651_WQ3656,/data/v1/CA/products/full/H7651/c/womens_category/swimwear
H7605_KL2282,/data/v1/CA/products/full/H7605/c/womens_category/swimwear
H8235_BK0001,/data/v1/CA/products/full/H8235/c/womens_category/swimwear
H7608_KU0565,/data/v1/CA/products/full/H7608/c/womens_category/swimwear
H8253_KL2282,/data/v1/CA/products/full/H8253/c/womens_category/swimwear
H6724_BL8133,/data/v1/CA/products/full/H6724/c/womens_category/blazers/parke
H6747_BK0001,/data/v1/CA/products/full/H6747/c/womens_category/pants/slim
H8692_NA0965,/data/v1/CA/products/full/H8692/c/shops/reimagined/coatsjackets
H9726_WQ9575,/data/v1/CA/products/full/H9726/c/womens_category/blazers/parke
J0244_GY6825,/data/v1/CA/products/full/J0244/c/shops/giftguide/sweaters
H8291_EC7246,/data/v1/CA/products/full/H8291/c/womens_feature/colorcrush
H6573_PK5837,/data/v1/CA/products/full/H6573/c/womens_category/pants/slim
H2778_GY6882,/data/v1/CA/products/full/H2778/c/womens_category/blazers/goingout
H7709_DM0710,/data/v1/CA/products/full/H7709/c/womens_category/denim_jeans/skinny
H6973_DM1977,/data/v1/CA/products/full/H6973/c/shops/reimagined/shorts
H5807_RD5695,/data/v1/CA/products/full/H5807/c/shops/reimagined/shorts
H4364_WT0002,/data/v1/CA/products/full/H4364/c/shops/giftguide/pajamas
H5809_BL8922,/data/v1/CA/products/full/H5809/c/shops/reimagined/shorts
H4402_BL8133,/data/v1/CA/products/full/H4402/c/shops/giftguide/pajamas
H5806_GR6056,/data/v1/CA/products/full/H5806/c/shops/reimagined/shorts
H5826_BL8133,/data/v1/CA/products/full/H5826/c/shops/reimagined/shorts
H2817_RD5100,/data/v1/CA/products/full/H2817/c/womens_category/swimwear
H4401_PR5340,/data/v1/CA/products/full/H4401/c/shops/giftguide/pajamas
G9062_NA6434,/data/v1/CA/products/full/G9062/c/womens_category/pants/slim
H2877_DM0709,/data/v1/CA/products/full/H2877/c/womens_category/denim_jeans/skinny
H4526_EC7246,/data/v1/CA/products/full/H4526/c/womens_category/jewelry/demifine
H2096_DM1864,/data/v1/CA/products/full/H2096/c/shops/reimagined/denim
H3716_EC6720,/data/v1/CA/products/full/H3716/c/shops/giftguide/jewelry
H4998_EG5458,/data/v1/CA/products/full/H4998/c/shops/associatediscountexclusions
H1878_DM0710,/data/v1/CA/products/full/H1878/c/shops/reimagined/denim
H2651_DM1963,/data/v1/CA/products/full/H2651/c/womens_category/denim_jeans/skinny
G9868_EG2731,/data/v1/CA/products/full/G9868/c/womens_category/hair/barrettes_clips
G9869_EG2731,/data/v1/CA/products/full/G9869/c/womens_category/hair/barrettes_clips
H0258_EC7246,/data/v1/CA/products/full/H0258/c/shops/giftguide/jewelry
H0232_EC8333,/data/v1/CA/products/full/H0232/c/womens_category/jewelry/crystal
G7936_DM0710,/data/v1/CA/products/full/G7936/c/shops/reimagined/denim
H0189_DM0709,/data/v1/CA/products/full/H0189/c/womens_category/denim_jeans/skinny
G7608_GR6630,/data/v1/CA/products/full/G7608/c/womens_category/coats_and_jackets/utilityjacket
G8538_BK0001,/data/v1/CA/products/full/G8538/c/womens_category/coats_and_jackets/leather_jacket
G9418_BK0001,/data/v1/CA/products/full/G9418/c/shops/summer_deals/swim
G6551_NA6219,/data/v1/CA/products/full/G6551/c/womens_category/all_accessories/hats
G3672_BR6803,/data/v1/CA/products/full/G3672/c/shops/giftguide/jewelry
G3478_EC7246,/data/v1/CA/products/full/G3478/c/womens_category/jewelry/metals
G3346_ED1811,/data/v1/CA/products/full/G3346/c/womens_category/jewelry/crystal
G2179_BL7024,/data/v1/CA/products/full/G2179/c/womens_category/skirts/pencil
G0397_WT0002,/data/v1/CA/products/full/G0397/c/shops/summer_deals/coatsjackets
G3845_BK0001,/data/v1/CA/products/full/G3845/c/womens_category/maternity/swim
F6662_BK0001,/data/v1/CA/products/full/F6662/c/womens_category/belts
G1723_BK0001,/data/v1/CA/products/full/G1723/c/womens_category/swimwear
G0471_NA6434,/data/v1/CA/products/full/G0471/c/womens_category/socksandtights/trousersocks
F9898_BK0001,/data/v1/CA/products/full/F9898/c/womens_category/socksandtights/tights
F9899_BK0001,/data/v1/CA/products/full/F9899/c/womens_category/socksandtights/tights
F9900_BK0001,/data/v1/CA/products/full/F9900/c/womens_category/socksandtights/tights
F9579_BK0001,/data/v1/CA/products/full/F9579/c/womens_category/belts
F7437_EF8788,/data/v1/CA/products/full/F7437/c/womens_category/hair/barrettes_clips
F7469_EF4440,/data/v1/CA/products/full/F7469/c/womens_category/hair/barrettes_clips
F7427_EF4440,/data/v1/CA/products/full/F7427/c/womens_category/hair/barrettes_clips
F6500_BK0001,/data/v1/CA/products/full/F6500/c/womens_category/belts
F6536_YL5596,/data/v1/CA/products/full/F6536/c/womens_category/belts
F3640_BR6803,/data/v1/CA/products/full/F3640/c/womens_category/jewelry/acetate
F3168_BK0001,/data/v1/CA/products/full/F3168/c/shops/cashmereassortment
F1722_NA6219,/data/v1/CA/products/full/F1722/c/womens_category/all_accessories/hats
F3209_EC7246,/data/v1/CA/products/full/F3209/c/womens_category/jewelry/metals
E8726_BK0001,/data/v1/CA/products/full/E8726/c/shops/summer_deals/swim
E8447_GR5839,/data/v1/CA/products/full/E8447/c/shops/reimagined/sweaters
